5천만원 이상 7천만원 미만-아파트-자가-대학 졸업,1482
3천만원 이상 5천만원 미만-아파트-자가-대학 졸업,1374
7천만원 이상 1억원 미만-아파트-자가-대학 졸업,879
3천만원 이상 5천만원 미만-아파트-자가-고졸,521
3천만원 이상 5천만원 미만-아파트-전세-대학 졸업,489
1천만원 이상 3천만원 미만-아파트-자가-대학 졸업,466
5천만원 이상 7천만원 미만-아파트-전세-대학 졸업,425
5천만원 이상 7천만원 미만-아파트-자가-고졸,391
3천만원 이상 5천만원 미만-연립/빌라-자가-대학 졸업,358
3천만원 이상 5천만원 미만-연립/빌라-전세-대학 졸업,342
1천만원 이상 3천만원 미만-아파트-자가-고졸,323
연간 1억원 이상-아파트-자가-대학 졸업,323
3천만원 이상 5천만원 미만-아파트-자가-대학 재학,285
7천만원 이상 1억원 미만-아파트-전세-대학 졸업,258
5천만원 이상 7천만원 미만-연립/빌라-자가-대학 졸업,253
5천만원 이상 7천만원 미만-연립/빌라-전세-대학 졸업,236
7천만원 이상 1억원 미만-아파트-자가-고졸,229
5천만원 이상 7천만원 미만-아파트-자가-대학 재학,197
3천만원 이상 5천만원 미만-단독주택-자가-대학 졸업,186
3천만원 이상 5천만원 미만-연립/빌라-자가-고졸,174
5천만원 이상 7천만원 미만-아파트-자가-대학원 졸업,169
1천만원 이상 3천만원 미만-아파트-자가-대학 재학,167
3천만원 이상 5천만원 미만-아파트-전세-고졸,162
3천만원 이상 5천만원 미만-아파트-월세-대학 졸업,162
7천만원 이상 1억원 미만-아파트-자가-대학원 졸업,152
5천만원 이상 7천만원 미만-단독주택-자가-대학 졸업,150
1천만원 이상 3천만원 미만-연립/빌라-자가-고졸,149
1천만원 이상 3천만원 미만-연립/빌라-자가-대학 졸업,148
1천만원 미만-아파트-자가-고졸,142
1천만원 이상 3천만원 미만-아파트-전세-대학 졸업,140
1천만원 이상 3천만원 미만-아파트-전세-고졸,138
7천만원 이상 1억원 미만-아파트-자가-대학 재학,136
7천만원 이상 1억원 미만-연립/빌라-자가-대학 졸업,135
3천만원 이상 5천만원 미만-연립/빌라-전세-고졸,134
1천만원 이상 3천만원 미만-연립/빌라-전세-대학 졸업,127
5천만원 이상 7천만원 미만-아파트-전세-고졸,126
1천만원 이상 3천만원 미만-단독주택-자가-대학 졸업,125
1천만원 이상 3천만원 미만-연립/빌라-월세-고졸,123
1천만원 미만-아파트-자가-대학 졸업,119
1천만원 이상 3천만원 미만-아파트-월세-고졸,111
연간 1억원 이상-아파트-전세-대학 졸업,105
3천만원 이상 5천만원 미만-연립/빌라-월세-대학 졸업,103
3천만원 이상 5천만원 미만-단독주택-자가-고졸,101
3천만원 이상 5천만원 미만-아파트-자가-대학원 졸업,98
5천만원 이상 7천만원 미만-연립/빌라-자가-고졸,98
1천만원 이상 3천만원 미만-단독주택-자가-고졸,96
1천만원 이상 3천만원 미만-아파트-월세-대학 졸업,95
3천만원 이상 5천만원 미만-아파트-월세-고졸,93
연간 1억원 이상-아파트-자가-고졸,92
1천만원 이상 3천만원 미만-연립/빌라-전세-고졸,91
5천만원 이상 7천만원 미만-아파트-월세-대학 졸업,90
1천만원 이상 3천만원 미만-연립/빌라-월세-대학 졸업,86
3천만원 이상 5천만원 미만-연립/빌라-월세-고졸,85
응답없음-응답없음-응답없음-응답없음,83
연간 1억원 이상-아파트-자가-대학원 졸업,81
연간 1억원 이상-아파트-자가-대학 재학,78
7천만원 이상 1억원 미만-연립/빌라-전세-대학 졸업,78
7천만원 이상 1억원 미만-단독주택-자가-대학 졸업,77
1천만원 이상 3천만원 미만-아파트-전세-대학 재학,67
3천만원 이상 5천만원 미만-아파트-전세-대학 재학,65
3천만원 이상 5천만원 미만-단독주택-전세-대학 졸업,62
7천만원 이상 1억원 미만-아파트-전세-대학원 졸업,60
5천만원 이상 7천만원 미만-연립/빌라-월세-대학 졸업,59
5천만원 이상 7천만원 미만-연립/빌라-전세-고졸,59
1천만원 미만-아파트-월세-고졸,57
7천만원 이상 1억원 미만-아파트-전세-고졸,56
1천만원 이상 3천만원 미만-단독주택-월세-고졸,56
3천만원 이상 5천만원 미만-연립/빌라-자가-대학 재학,55
5천만원 이상 7천만원 미만-단독주택-자가-고졸,53
1천만원 미만-아파트-자가-대학 재학,53
3천만원 이상 5천만원 미만-아파트-기타-대학 졸업,52
1천만원 이상 3천만원 미만-연립/빌라-자가-대학 재학,52
5천만원 이상 7천만원 미만-아파트-전세-대학원 졸업,52
1천만원 이상 3천만원 미만-아파트-기타-고졸,51
5천만원 이상 7천만원 미만-단독주택-전세-대학 졸업,48
1천만원 미만-연립/빌라-자가-고졸,48
1천만원 미만-연립/빌라-월세-고졸,48
1천만원 미만-단독주택-자가-고졸,48
1천만원 이상 3천만원 미만-단독주택-자가-대학 재학,48
연간 1억원 이상-단독주택-자가-대학 졸업,48
1천만원 미만-연립/빌라-전세-고졸,47
1천만원 이상 3천만원 미만-단독주택-전세-고졸,47
3천만원 이상 5천만원 미만-단독주택-자가-대학 재학,47
1천만원 미만-아파트-전세-고졸,45
1천만원 이상 3천만원 미만-연립/빌라-전세-대학 재학,45
5천만원 이상 7천만원 미만-아파트-기타-대학 졸업,44
3천만원 이상 5천만원 미만-단독주택-전세-고졸,43
3천만원 이상 5천만원 미만-아파트-기타-고졸,43
1천만원 이상 3천만원 미만-아파트-기타-대학 졸업,38
1천만원 이상 3천만원 미만-단독주택-전세-대학 졸업,38
5천만원 이상 7천만원 미만-아파트-자가-대학원 재학,38
5천만원 이상 7천만원 미만-아파트-전세-대학 재학,38
3천만원 이상 5천만원 미만-아파트-전세-대학원 졸업,38
3천만원 이상 5천만원 미만-연립/빌라-전세-대학 재학,35
연간 1억원 이상-아파트-전세-대학원 졸업,34
5천만원 이상 7천만원 미만-아파트-월세-고졸,33
7천만원 이상 1억원 미만-연립/빌라-자가-고졸,33
1천만원 미만-단독주택-월세-고졸,33
1천만원 이상 3천만원 미만-단독주택-월세-대학 졸업,33
3천만원 이상 5천만원 미만-단독주택-월세-대학 졸업,32
1천만원 미만-단독주택-자가-대학 졸업,32
연간 1억원 이상-연립/빌라-자가-대학 졸업,32
1천만원 이상 3천만원 미만-연립/빌라-월세-대학 재학,32
7천만원 이상 1억원 미만-아파트-월세-대학 졸업,32
1천만원 이상 3천만원 미만-기타-월세-대학 졸업,30
3천만원 이상 5천만원 미만-오피스텔-월세-대학 졸업,30
1천만원 이상 3천만원 미만-아파트-자가-대학원 졸업,30
1천만원 이상 3천만원 미만-아파트-월세-대학 재학,28
5천만원 이상 7천만원 미만-연립/빌라-자가-대학 재학,28
3천만원 이상 5천만원 미만-아파트-월세-대학 재학,28
5천만원 이상 7천만원 미만-연립/빌라-월세-고졸,28
3천만원 이상 5천만원 미만-단독주택-월세-고졸,27
1천만원 미만-아파트-전세-대학 재학,27
7천만원 이상 1억원 미만-단독주택-자가-고졸,25
3천만원 이상 5천만원 미만-연립/빌라-전세-대학원 졸업,25
3천만원 이상 5천만원 미만-아파트-자가-대학원 재학,25
7천만원 이상 1억원 미만-아파트-전세-대학 재학,24
1천만원 미만-연립/빌라-전세-대학 재학,23
1천만원 미만-아파트-월세-대학 졸업,23
연간 1억원 이상-아파트-전세-고졸,23
5천만원 이상 7천만원 미만-주상복합-자가-대학 졸업,23
5천만원 이상 7천만원 미만-단독주택-자가-대학 재학,22
3천만원 이상 5천만원 미만-주상복합-자가-대학 졸업,22
1천만원 미만-연립/빌라-월세-대학 졸업,22
1천만원 미만-단독주택-자가-대학 재학,22
1천만원 미만-연립/빌라-자가-대학 졸업,22
1천만원 미만-연립/빌라-전세-대학 졸업,21
7천만원 이상 1억원 미만-아파트-월세-고졸,20
1천만원 미만-단독주택-전세-고졸,20
연간 1억원 이상-아파트-전세-대학 재학,20
1천만원 이상 3천만원 미만-연립/빌라-기타-고졸,20
5천만원 이상 7천만원 미만-단독주택-전세-고졸,20
5천만원 이상 7천만원 미만-연립/빌라-전세-대학원 졸업,19
7천만원 이상 1억원 미만-아파트-자가-대학원 재학,19
1천만원 미만-아파트-월세-대학 재학,19
1천만원 미만-연립/빌라-자가-대학 재학,19
1천만원 이상 3천만원 미만-기타-월세-고졸,19
7천만원 이상 1억원 미만-아파트-기타-대학 졸업,19
5천만원 이상 7천만원 미만-연립/빌라-자가-대학원 졸업,19
1천만원 미만-아파트-전세-대학 졸업,18
3천만원 이상 5천만원 미만-오피스텔-전세-대학 졸업,18
5천만원 이상 7천만원 미만-아파트-기타-고졸,18
1천만원 이상 3천만원 미만-기타-전세-대학 졸업,17
1천만원 미만-기타-월세-고졸,17
5천만원 이상 7천만원 미만-단독주택-자가-대학원 졸업,17
1천만원 미만-연립/빌라-월세-대학 재학,17
5천만원 이상 7천만원 미만-단독주택-월세-대학 졸업,16
1천만원 미만-아파트-기타-고졸,16
3천만원 이상 5천만원 미만-단독주택-전세-대학 재학,16
1천만원 이상 3천만원 미만-오피스텔-월세-대학 졸업,16
연간 1억원 이상-아파트-자가-대학원 재학,16
1천만원 미만-아파트-자가-대학원 졸업,15
1천만원 이상 3천만원 미만-주상복합-자가-고졸,15
1천만원 이상 3천만원 미만-기타-기타-고졸,15
3천만원 이상 5천만원 미만-연립/빌라-월세-대학 재학,15
7천만원 이상 1억원 미만-오피스텔-전세-대학 졸업,15
7천만원 이상 1억원 미만-주상복합-자가-대학 졸업,15
1천만원 이상 3천만원 미만-오피스텔-월세-고졸,14
5천만원 이상 7천만원 미만-연립/빌라-전세-대학 재학,14
연간 1억원 이상-연립/빌라-전세-대학 졸업,14
1천만원 이상 3천만원 미만-단독주택-전세-대학 재학,13
3천만원 이상 5천만원 미만-단독주택-자가-대학원 졸업,13
5천만원 이상 7천만원 미만-주상복합-전세-대학 졸업,13
5천만원 이상 7천만원 미만-오피스텔-전세-대학 졸업,13
1천만원 이상 3천만원 미만-아파트-자가-대학원 재학,13
3천만원 이상 5천만원 미만-주상복합-전세-대학 졸업,13
5천만원 이상 7천만원 미만-오피스텔-자가-대학 졸업,13
1천만원 이상 3천만원 미만-주상복합-월세-고졸,13
5천만원 이상 7천만원 미만-연립/빌라-월세-대학 재학,12
1천만원 이상 3천만원 미만-기타-자가-대학 졸업,12
3천만원 이상 5천만원 미만-아파트-전세-대학원 재학,12
7천만원 이상 1억원 미만-연립/빌라-전세-고졸,12
1천만원 미만-단독주택-전세-대학 졸업,12
3천만원 이상 5천만원 미만-연립/빌라-자가-대학원 졸업,12
3천만원 이상 5천만원 미만-연립/빌라-기타-대학 졸업,12
3천만원 이상 5천만원 미만-기타-전세-고졸,12
3천만원 이상 5천만원 미만-기타-월세-고졸,12
1천만원 미만-기타-월세-대학 졸업,12
1천만원 미만-연립/빌라-기타-고졸,11
3천만원 이상 5천만원 미만-기타-월세-대학 졸업,11
3천만원 이상 5천만원 미만-아파트-기타-대학 재학,11
1천만원 미만-단독주택-기타-고졸,11
1천만원 미만-기타-기타-고졸,11
7천만원 이상 1억원 미만-기타-자가-대학 졸업,11
3천만원 이상 5천만원 미만-오피스텔-자가-대학 졸업,11
3천만원 이상 5천만원 미만-기타-기타-대학 졸업,11
3천만원 이상 5천만원 미만-주상복합-자가-고졸,11
7천만원 이상 1억원 미만-단독주택-전세-대학 졸업,11
연간 1억원 이상-아파트-월세-대학 졸업,11
5천만원 이상 7천만원 미만-아파트-월세-대학원 졸업,11
연간 1억원 이상-단독주택-자가-대학 재학,11
1천만원 이상 3천만원 미만-연립/빌라-전세-대학원 졸업,11
3천만원 이상 5천만원 미만-기타-전세-대학 졸업,11
7천만원 이상 1억원 미만-단독주택-자가-대학원 졸업,11
1천만원 이상 3천만원 미만-아파트-기타-대학 재학,11
7천만원 이상 1억원 미만-단독주택-자가-대학 재학,10
5천만원 이상 7천만원 미만-아파트-전세-대학원 재학,10
5천만원 이상 7천만원 미만-기타-전세-대학 졸업,10
1천만원 이상 3천만원 미만-기타-기타-대학 졸업,10
5천만원 이상 7천만원 미만-기타-자가-대학 졸업,10
7천만원 이상 1억원 미만-연립/빌라-자가-대학 재학,10
5천만원 이상 7천만원 미만-단독주택-월세-고졸,10
5천만원 이상 7천만원 미만-오피스텔-월세-대학 졸업,10
연간 1억원 이상-단독주택-자가-고졸,10
5천만원 이상 7천만원 미만-아파트-월세-대학 재학,10
1천만원 이상 3천만원 미만-연립/빌라-기타-대학 졸업,9
1천만원 이상 3천만원 미만-주상복합-전세-대학 졸업,9
1천만원 미만-아파트-기타-대학 졸업,9
3천만원 이상 5천만원 미만-단독주택-기타-대학 졸업,9
1천만원 미만-기타-월세-대학 재학,9
3천만원 이상 5천만원 미만-연립/빌라-전세-대학원 재학,9
3천만원 이상 5천만원 미만-아파트-월세-대학원 졸업,9
1천만원 이상 3천만원 미만-주상복합-월세-대학 졸업,8
1천만원 이상 3천만원 미만-오피스텔-전세-대학 졸업,8
5천만원 이상 7천만원 미만-단독주택-기타-대학 졸업,8
3천만원 이상 5천만원 미만-오피스텔-자가-고졸,8
3천만원 이상 5천만원 미만-단독주택-월세-대학 재학,8
1천만원 미만-단독주택-월세-대학 졸업,8
7천만원 이상 1억원 미만-연립/빌라-월세-대학 졸업,8
7천만원 이상 1억원 미만-연립/빌라-자가-대학원 졸업,8
3천만원 이상 5천만원 미만-기타-자가-대학 졸업,8
1천만원 이상 3천만원 미만-아파트-전세-대학원 졸업,8
연간 1억원 이상-연립/빌라-자가-대학 재학,8
7천만원 이상 1억원 미만-아파트-기타-고졸,8
7천만원 이상 1억원 미만-아파트-월세-대학원 졸업,8
3천만원 이상 5천만원 미만-주상복합-월세-대학 졸업,8
1천만원 미만-아파트-기타-대학 재학,8
3천만원 이상 5천만원 미만-단독주택-전세-대학원 졸업,8
3천만원 이상 5천만원 미만-주상복합-전세-고졸,8
7천만원 이상 1억원 미만-아파트-기타-대학원 졸업,8
1천만원 미만-기타-기타-대학 재학,7
연간 1억원 이상-단독주택-전세-대학 졸업,7
1천만원 이상 3천만원 미만-기타-전세-고졸,7
1천만원 미만-단독주택-기타-대학 재학,7
연간 1억원 이상-연립/빌라-전세-고졸,7
1천만원 이상 3천만원 미만-주상복합-전세-고졸,7
3천만원 이상 5천만원 미만-연립/빌라-기타-고졸,7
7천만원 이상 1억원 미만-주상복합-전세-대학 졸업,7
5천만원 이상 7천만원 미만-기타-기타-대학 졸업,7
1천만원 이상 3천만원 미만-단독주택-기타-고졸,7
1천만원 이상 3천만원 미만-연립/빌라-전세-대학원 재학,7
연간 1억원 이상-단독주택-자가-대학원 졸업,7
1천만원 이상 3천만원 미만-주상복합-전세-대학 재학,7
1천만원 이상 3천만원 미만-단독주택-전세-대학원 졸업,7
3천만원 이상 5천만원 미만-연립/빌라-월세-대학원 졸업,7
7천만원 이상 1억원 미만-연립/빌라-전세-대학 재학,7
1천만원 이상 3천만원 미만-기타-자가-고졸,6
7천만원 이상 1억원 미만-단독주택-월세-고졸,6
3천만원 이상 5천만원 미만-단독주택-기타-고졸,6
1천만원 이상 3천만원 미만-연립/빌라-자가-대학원 졸업,6
7천만원 이상 1억원 미만-연립/빌라-월세-고졸,6
3천만원 이상 5천만원 미만-주상복합-월세-고졸,6
1천만원 미만-오피스텔-월세-고졸,6
3천만원 이상 5천만원 미만-오피스텔-월세-대학 재학,6
1천만원 미만-기타-전세-대학 졸업,6
1천만원 이상 3천만원 미만-아파트-전세-대학원 재학,6
5천만원 이상 7천만원 미만-주상복합-월세-대학 졸업,6
연간 1억원 이상-아파트-기타-고졸,6
연간 1억원 이상-연립/빌라-자가-대학원 졸업,6
1천만원 이상 3천만원 미만-연립/빌라-월세-대학원 재학,6
1천만원 이상 3천만원 미만-단독주택-기타-대학 재학,6
7천만원 이상 1억원 미만-오피스텔-월세-대학 졸업,6
5천만원 이상 7천만원 미만-주상복합-전세-고졸,6
3천만원 이상 5천만원 미만-오피스텔-월세-고졸,6
7천만원 이상 1억원 미만-연립/빌라-전세-대학원 졸업,6
5천만원 이상 7천만원 미만-오피스텔-자가-고졸,6
1천만원 이상 3천만원 미만-연립/빌라-월세-대학원 졸업,6
5천만원 이상 7천만원 미만-기타-월세-고졸,6
1천만원 이상 3천만원 미만-주상복합-자가-대학 졸업,6
연간 1억원 이상-아파트-월세-대학원 졸업,6
7천만원 이상 1억원 미만-주상복합-자가-고졸,6
연간 1억원 이상-연립/빌라-자가-고졸,6
7천만원 이상 1억원 미만-오피스텔-자가-대학 졸업,6
1천만원 이상 3천만원 미만-단독주택-월세-대학 재학,6
5천만원 이상 7천만원 미만-기타-월세-대학 졸업,5
1천만원 미만-주상복합-자가-대학 졸업,5
3천만원 이상 5천만원 미만-기타-월세-대학 재학,5
1천만원 미만-아파트-자가-대학원 재학,5
1천만원 이상 3천만원 미만-오피스텔-전세-고졸,5
5천만원 이상 7천만원 미만-주상복합-자가-고졸,5
3천만원 이상 5천만원 미만-기타-기타-고졸,5
1천만원 이상 3천만원 미만-단독주택-기타-대학 졸업,5
5천만원 이상 7천만원 미만-단독주택-자가-대학원 재학,5
1천만원 이상 3천만원 미만-기타-기타-대학 재학,5
5천만원 이상 7천만원 미만-아파트-기타-대학 재학,5
3천만원 이상 5천만원 미만-기타-기타-대학 재학,5
5천만원 이상 7천만원 미만-단독주택-전세-대학원 졸업,5
5천만원 이상 7천만원 미만-단독주택-전세-대학 재학,5
5천만원 이상 7천만원 미만-연립/빌라-전세-대학원 재학,5
1천만원 이상 3천만원 미만-연립/빌라-자가-대학원 재학,5
1천만원 미만-단독주택-전세-대학 재학,5
연간 1억원 이상-기타-자가-대학 졸업,5
1천만원 이상 3천만원 미만-오피스텔-자가-대학 졸업,5
1천만원 이상 3천만원 미만-아파트-기타-대학원 졸업,5
1천만원 미만-기타-전세-고졸,5
1천만원 이상 3천만원 미만-단독주택-자가-대학원 졸업,5
1천만원 이상 3천만원 미만-기타-월세-대학 재학,5
연간 1억원 이상-단독주택-월세-대학 졸업,5
7천만원 이상 1억원 미만-아파트-월세-대학 재학,5
7천만원 이상 1억원 미만-주상복합-자가-대학원 졸업,4
5천만원 이상 7천만원 미만-연립/빌라-월세-대학원 졸업,4
연간 1억원 이상-주상복합-자가-대학 재학,4
1천만원 미만-주상복합-월세-고졸,4
1천만원 이상 3천만원 미만-기타-전세-대학 재학,4
5천만원 이상 7천만원 미만-주상복합-월세-고졸,4
3천만원 이상 5천만원 미만-오피스텔-자가-대학원 졸업,4
1천만원 미만-주상복합-전세-대학 재학,4
7천만원 이상 1억원 미만-연립/빌라-전세-대학원 재학,4
1천만원 미만-기타-기타-대학 졸업,4
1천만원 미만-주상복합-전세-대학 졸업,4
연간 1억원 이상-오피스텔-월세-대학원 졸업,4
5천만원 이상 7천만원 미만-주상복합-자가-대학원 졸업,4
연간 1억원 이상-연립/빌라-월세-대학 졸업,4
3천만원 이상 5천만원 미만-오피스텔-전세-대학원 졸업,4
3천만원 이상 5천만원 미만-단독주택-월세-대학원 졸업,4
연간 1억원 이상-주상복합-자가-대학 졸업,4
3천만원 이상 5천만원 미만-기타-월세-대학원 졸업,4
1천만원 이상 3천만원 미만-연립/빌라-기타-대학 재학,4
5천만원 이상 7천만원 미만-기타-전세-고졸,4
1천만원 미만-단독주택-월세-대학 재학,4
5천만원 이상 7천만원 미만-주상복합-전세-대학 재학,4
3천만원 이상 5천만원 미만-주상복합-자가-대학 재학,4
5천만원 이상 7천만원 미만-연립/빌라-자가-대학원 재학,4
5천만원 이상 7천만원 미만-아파트-기타-대학원 졸업,4
연간 1억원 이상-주상복합-자가-대학원 졸업,3
3천만원 이상 5천만원 미만-주상복합-기타-대학 졸업,3
5천만원 이상 7천만원 미만-아파트-기타-대학원 재학,3
연간 1억원 이상-연립/빌라-전세-대학 재학,3
3천만원 이상 5천만원 미만-기타-자가-고졸,3
3천만원 이상 5천만원 미만-단독주택-자가-대학원 재학,3
1천만원 미만-기타-자가-대학 졸업,3
7천만원 이상 1억원 미만-연립/빌라-기타-대학 졸업,3
7천만원 이상 1억원 미만-기타-월세-대학 졸업,3
3천만원 이상 5천만원 미만-아파트-기타-대학원 졸업,3
1천만원 미만-단독주택-자가-대학원 졸업,3
연간 1억원 이상-주상복합-전세-대학 졸업,3
5천만원 이상 7천만원 미만-기타-기타-고졸,3
3천만원 이상 5천만원 미만-단독주택-기타-대학 재학,3
3천만원 이상 5천만원 미만-아파트-자가-응답없음,3
1천만원 이상 3천만원 미만-아파트-월세-대학원 재학,3
1천만원 이상 3천만원 미만-아파트-월세-대학원 졸업,3
1천만원 미만-연립/빌라-월세-대학원 졸업,3
3천만원 이상 5천만원 미만-기타-기타-대학원 졸업,3
1천만원 이상 3천만원 미만-기타-전세-대학원 졸업,3
연간 1억원 이상-아파트-전세-대학원 재학,3
1천만원 미만-아파트-전세-대학원 졸업,3
1천만원 이상 3천만원 미만-주상복합-기타-고졸,3
1천만원 이상 3천만원 미만-오피스텔-월세-대학원 졸업,3
7천만원 이상 1억원 미만-아파트-자가-응답없음,3
연간 1억원 이상-주상복합-자가-고졸,3
연간 1억원 이상-기타-기타-대학 졸업,3
5천만원 이상 7천만원 미만-연립/빌라-기타-대학 졸업,3
1천만원 미만-기타-전세-대학 재학,3
5천만원 이상 7천만원 미만-주상복합-자가-대학 재학,3
1천만원 미만-연립/빌라-기타-대학 졸업,3
1천만원 미만-오피스텔-자가-고졸,3
연간 1억원 이상-아파트-월세-고졸,3
7천만원 이상 1억원 미만-오피스텔-월세-대학 재학,3
3천만원 이상 5천만원 미만-주상복합-자가-대학원 졸업,3
1천만원 미만-주상복합-전세-고졸,3
7천만원 이상 1억원 미만-기타-기타-대학 졸업,2
7천만원 이상 1억원 미만-기타-자가-대학 재학,2
1천만원 미만-연립/빌라-전세-대학원 재학,2
연간 1억원 이상-아파트-월세-대학 재학,2
1천만원 미만-오피스텔-월세-대학 졸업,2
1천만원 미만-오피스텔-월세-대학 재학,2
1천만원 미만-연립/빌라-월세-대학원 재학,2
연간 1억원 이상-단독주택-전세-고졸,2
7천만원 이상 1억원 미만-단독주택-월세-대학 졸업,2
7천만원 이상 1억원 미만-단독주택-자가-대학원 재학,2
연간 1억원 이상-기타-자가-대학원 졸업,2
5천만원 이상 7천만원 미만-단독주택-월세-대학 재학,2
3천만원 이상 5천만원 미만-오피스텔-기타-대학 졸업,2
7천만원 이상 1억원 미만-주상복합-월세-대학 졸업,2
5천만원 이상 7천만원 미만-연립/빌라-기타-고졸,2
7천만원 이상 1억원 미만-연립/빌라-자가-대학원 재학,2
7천만원 이상 1억원 미만-오피스텔-자가-대학 재학,2
1천만원 미만-연립/빌라-자가-대학원 재학,2
1천만원 이상 3천만원 미만-오피스텔-자가-고졸,2
7천만원 이상 1억원 미만-오피스텔-전세-대학원 재학,2
1천만원 이상 3천만원 미만-연립/빌라-기타-대학원 졸업,2
5천만원 이상 7천만원 미만-오피스텔-기타-대학 졸업,2
3천만원 이상 5천만원 미만-주상복합-월세-대학 재학,2
5천만원 이상 7천만원 미만-기타-자가-대학 재학,2
7천만원 이상 1억원 미만-오피스텔-전세-고졸,2
5천만원 이상 7천만원 미만-기타-자가-고졸,2
1천만원 이상 3천만원 미만-오피스텔-자가-대학 재학,2
5천만원 이상 7천만원 미만-연립/빌라-월세-대학원 재학,2
5천만원 이상 7천만원 미만-오피스텔-월세-대학 재학,2
7천만원 이상 1억원 미만-오피스텔-전세-대학원 졸업,2
5천만원 이상 7천만원 미만-아파트-월세-대학원 재학,2
연간 1억원 이상-연립/빌라-전세-대학원 졸업,2
1천만원 미만-아파트-월세-대학원 졸업,2
5천만원 이상 7천만원 미만-오피스텔-자가-대학원 졸업,2
연간 1억원 이상-주상복합-자가-대학원 재학,2
7천만원 이상 1억원 미만-오피스텔-기타-대학 졸업,2
1천만원 이상 3천만원 미만-주상복합-월세-대학 재학,2
연간 1억원 이상-아파트-기타-대학 졸업,2
1천만원 미만-연립/빌라-자가-대학원 졸업,2
연간 1억원 이상-오피스텔-전세-대학 졸업,2
7천만원 이상 1억원 미만-주상복합-자가-대학 재학,2
5천만원 이상 7천만원 미만-연립/빌라-전세-응답없음,2
3천만원 이상 5천만원 미만-연립/빌라-기타-대학원 졸업,2
1천만원 미만-오피스텔-전세-고졸,2
1천만원 미만-기타-자가-고졸,2
1천만원 이상 3천만원 미만-기타-자가-대학 재학,2
연간 1억원 이상-오피스텔-자가-대학 졸업,2
3천만원 이상 5천만원 미만-단독주택-월세-대학원 재학,2
연간 1억원 이상-아파트-자가-응답없음,2
5천만원 이상 7천만원 미만-기타-월세-대학 재학,2
7천만원 이상 1억원 미만-아파트-기타-대학 재학,2
3천만원 이상 5천만원 미만-연립/빌라-자가-대학원 재학,2
7천만원 이상 1억원 미만-연립/빌라-월세-대학원 졸업,2
3천만원 이상 5천만원 미만-기타-월세-대학원 재학,2
3천만원 이상 5천만원 미만-기타-전세-대학 재학,2
7천만원 이상 1억원 미만-연립/빌라-기타-고졸,2
1천만원 이상 3천만원 미만-주상복합-자가-대학 재학,2
1천만원 이상 3천만원 미만-단독주택-월세-대학원 졸업,2
3천만원 이상 5천만원 미만-주상복합-전세-대학 재학,2
7천만원 이상 1억원 미만-연립/빌라-월세-대학 재학,1
5천만원 이상 7천만원 미만-주상복합-전세-대학원 졸업,1
1천만원 미만-단독주택-전세-대학원 졸업,1
3천만원 이상 5천만원 미만-단독주택-자가-응답없음,1
7천만원 이상 1억원 미만-단독주택-전세-대학원 재학,1
3천만원 이상 5천만원 미만-오피스텔-자가-대학원 재학,1
연간 1억원 이상-아파트-기타-대학 재학,1
7천만원 이상 1억원 미만-단독주택-월세-대학 재학,1
7천만원 이상 1억원 미만-기타-전세-대학원 졸업,1
3천만원 이상 5천만원 미만-단독주택-기타-대학원 졸업,1
1천만원 미만-아파트-전세-대학원 재학,1
1천만원 미만-주상복합-자가-대학 재학,1
1천만원 이상 3천만원 미만-아파트-자가-응답없음,1
7천만원 이상 1억원 미만-단독주택-기타-대학 재학,1
연간 1억원 이상-단독주택-자가-대학원 재학,1
3천만원 이상 5천만원 미만-기타-자가-대학원 졸업,1
1천만원 이상 3천만원 미만-연립/빌라-기타-대학원 재학,1
7천만원 이상 1억원 미만-단독주택-월세-대학원 졸업,1
7천만원 이상 1억원 미만-주상복합-전세-대학원 졸업,1
1천만원 미만-주상복합-자가-대학원 졸업,1
7천만원 이상 1억원 미만-주상복합-기타-대학 졸업,1
1천만원 이상 3천만원 미만-주상복합-전세-응답없음,1
1천만원 미만-주상복합-월세-대학 재학,1
1천만원 이상 3천만원 미만-연립/빌라-월세-응답없음,1
1천만원 이상 3천만원 미만-단독주택-자가-대학원 재학,1
1천만원 이상 3천만원 미만-주상복합-자가-대학원 졸업,1
1천만원 미만-오피스텔-전세-대학 졸업,1
1천만원 미만-아파트-월세-대학원 재학,1
1천만원 미만-연립/빌라-전세-대학원 졸업,1
연간 1억원 이상-주상복합-전세-대학원 재학,1
3천만원 이상 5천만원 미만-연립/빌라-기타-대학 재학,1
1천만원 이상 3천만원 미만-오피스텔-전세-대학원 재학,1
연간 1억원 이상-주상복합-기타-대학 졸업,1
5천만원 이상 7천만원 미만-기타-월세-대학원 졸업,1
3천만원 이상 5천만원 미만-기타-자가-대학 재학,1
7천만원 이상 1억원 미만-단독주택-월세-대학원 재학,1
연간 1억원 이상-기타-전세-대학 재학,1
1천만원 미만-아파트-기타-대학원 졸업,1
7천만원 이상 1억원 미만-기타-기타-대학 재학,1
7천만원 이상 1억원 미만-주상복합-월세-대학 재학,1
3천만원 이상 5천만원 미만-연립/빌라-월세-대학원 재학,1
1천만원 이상 3천만원 미만-단독주택-월세-대학원 재학,1
5천만원 이상 7천만원 미만-단독주택-전세-대학원 재학,1
5천만원 이상 7천만원 미만-단독주택-기타-고졸,1
3천만원 이상 5천만원 미만-연립/빌라-기타-대학원 재학,1
1천만원 이상 3천만원 미만-아파트-전세-응답없음,1
7천만원 이상 1억원 미만-주상복합-전세-대학 재학,1
3천만원 이상 5천만원 미만-연립/빌라-전세-응답없음,1
7천만원 이상 1억원 미만-오피스텔-자가-대학원 졸업,1
1천만원 이상 3천만원 미만-단독주택-전세-대학원 재학,1
3천만원 이상 5천만원 미만-아파트-월세-응답없음,1
1천만원 미만-연립/빌라-기타-대학 재학,1
5천만원 이상 7천만원 미만-연립/빌라-기타-대학원 졸업,1
3천만원 이상 5천만원 미만-오피스텔-자가-대학 재학,1
3천만원 이상 5천만원 미만-주상복합-기타-대학 재학,1
7천만원 이상 1억원 미만-기타-전세-대학 졸업,1
3천만원 이상 5천만원 미만-아파트-기타-대학원 재학,1
연간 1억원 이상-연립/빌라-전세-대학원 재학,1
7천만원 이상 1억원 미만-오피스텔-전세-대학 재학,1
연간 1억원 이상-단독주택-전세-대학 재학,1
1천만원 미만-단독주택-자가-대학원 재학,1
연간 1억원 이상-오피스텔-월세-고졸,1
7천만원 이상 1억원 미만-기타-자가-고졸,1
5천만원 이상 7천만원 미만-오피스텔-월세-고졸,1
3천만원 이상 5천만원 미만-단독주택-전세-응답없음,1
1천만원 이상 3천만원 미만-기타-월세-대학원 졸업,1
1천만원 미만-기타-월세-대학원 재학,1
3천만원 이상 5천만원 미만-기타-전세-대학원 졸업,1
5천만원 이상 7천만원 미만-주상복합-전세-대학원 재학,1
5천만원 이상 7천만원 미만-오피스텔-기타-대학 재학,1
5천만원 이상 7천만원 미만-기타-전세-대학 재학,1
연간 1억원 이상-연립/빌라-기타-대학 졸업,1
1천만원 미만-연립/빌라-기타-대학원 졸업,1
7천만원 이상 1억원 미만-아파트-기타-대학원 재학,1
7천만원 이상 1억원 미만-아파트-전세-대학원 재학,1
1천만원 이상 3천만원 미만-기타-기타-대학원 졸업,1
3천만원 이상 5천만원 미만-오피스텔-전세-대학 재학,1
5천만원 이상 7천만원 미만-주상복합-자가-응답없음,1
연간 1억원 이상-연립/빌라-월세-대학원 재학,1
5천만원 이상 7천만원 미만-아파트-자가-응답없음,1
1천만원 이상 3천만원 미만-오피스텔-전세-대학 재학,1
5천만원 이상 7천만원 미만-오피스텔-전세-대학원 졸업,1
3천만원 이상 5천만원 미만-응답없음-전세-대학 졸업,1
7천만원 이상 1억원 미만-단독주택-전세-대학 재학,1
1천만원 미만-주상복합-월세-대학 졸업,1
5천만원 이상 7천만원 미만-오피스텔-전세-고졸,1
1천만원 이상 3천만원 미만-기타-월세-대학원 재학,1
연간 1억원 이상-주상복합-월세-대학 재학,1
5천만원 이상 7천만원 미만-기타-기타-대학 재학,1
7천만원 이상 1억원 미만-아파트-월세-대학원 재학,1
1천만원 이상 3천만원 미만-주상복합-기타-대학 졸업,1
3천만원 이상 5천만원 미만-아파트-월세-대학원 재학,1
1천만원 미만-단독주택-기타-대학 졸업,1
5천만원 이상 7천만원 미만-주상복합-월세-대학 재학,1
7천만원 이상 1억원 미만-단독주택-기타-대학 졸업,1
연간 1억원 이상-기타-월세-대학 졸업,1
5천만원 이상 7천만원 미만-단독주택-월세-대학원 졸업,1
연간 1억원 이상-단독주택-기타-고졸,1
연간 1억원 이상-아파트-기타-대학원 졸업,1
5천만원 이상 7천만원 미만-연립/빌라-기타-대학원 재학,1
3천만원 이상 5천만원 미만-오피스텔-월세-대학원 졸업,1
연간 1억원 이상-아파트-월세-대학원 재학,1
7천만원 이상 1억원 미만-기타-기타-대학원 졸업,1
연간 1억원 이상-오피스텔-월세-대학 졸업,1
1천만원 미만-오피스텔-월세-대학원 졸업,1
7천만원 이상 1억원 미만-기타-전세-고졸,1
7천만원 이상 1억원 미만-단독주택-전세-대학원 졸업,1
1천만원 이상 3천만원 미만-오피스텔-월세-대학 재학,1
1천만원 이상 3천만원 미만-연립/빌라-자가-고졸 미만(초/중/고 재학 포함),0
1천만원 미만-아파트-월세-고졸 미만(초/중/고 재학 포함),0
7천만원 이상 1억원 미만-아파트-전세-고졸 미만(초/중/고 재학 포함),0
1천만원 이상 3천만원 미만-오피스텔-월세-고졸 미만(초/중/고 재학 포함),0
1천만원 이상 3천만원 미만-연립/빌라-전세-고졸 미만(초/중/고 재학 포함),0
1천만원 이상 3천만원 미만-단독주택-자가-고졸 미만(초/중/고 재학 포함),0
7천만원 이상 1억원 미만-주상복합-자가-고졸 미만(초/중/고 재학 포함),0
1천만원 이상 3천만원 미만-오피스텔-전세-고졸 미만(초/중/고 재학 포함),0
연간 1억원 이상-단독주택-자가-고졸 미만(초/중/고 재학 포함),0
7천만원 이상 1억원 미만-기타-기타-고졸 미만(초/중/고 재학 포함),0
3천만원 이상 5천만원 미만-기타-자가-고졸 미만(초/중/고 재학 포함),0
연간 1억원 이상-주상복합-자가-고졸 미만(초/중/고 재학 포함),0
5천만원 이상 7천만원 미만-단독주택-월세-고졸 미만(초/중/고 재학 포함),0
7천만원 이상 1억원 미만-주상복합-월세-고졸 미만(초/중/고 재학 포함),0
7천만원 이상 1억원 미만-단독주택-자가-고졸 미만(초/중/고 재학 포함),0
3천만원 이상 5천만원 미만-연립/빌라-전세-고졸 미만(초/중/고 재학 포함),0
5천만원 이상 7천만원 미만-아파트-자가-고졸 미만(초/중/고 재학 포함),0
7천만원 이상 1억원 미만-아파트-월세-고졸 미만(초/중/고 재학 포함),0
1천만원 미만-오피스텔-자가-고졸 미만(초/중/고 재학 포함),0
5천만원 이상 7천만원 미만-연립/빌라-전세-고졸 미만(초/중/고 재학 포함),0
1천만원 이상 3천만원 미만-단독주택-전세-고졸 미만(초/중/고 재학 포함),0
1천만원 이상 3천만원 미만-주상복합-월세-고졸 미만(초/중/고 재학 포함),0
7천만원 이상 1억원 미만-단독주택-전세-고졸 미만(초/중/고 재학 포함),0
5천만원 이상 7천만원 미만-기타-월세-고졸 미만(초/중/고 재학 포함),0
1천만원 이상 3천만원 미만-주상복합-자가-고졸 미만(초/중/고 재학 포함),0
3천만원 이상 5천만원 미만-주상복합-월세-고졸 미만(초/중/고 재학 포함),0
3천만원 이상 5천만원 미만-연립/빌라-자가-고졸 미만(초/중/고 재학 포함),0
1천만원 이상 3천만원 미만-연립/빌라-월세-고졸 미만(초/중/고 재학 포함),0
3천만원 이상 5천만원 미만-아파트-전세-고졸 미만(초/중/고 재학 포함),0
5천만원 이상 7천만원 미만-단독주택-자가-고졸 미만(초/중/고 재학 포함),0
연간 1억원 이상-아파트-자가-고졸 미만(초/중/고 재학 포함),0
1천만원 미만-연립/빌라-자가-고졸 미만(초/중/고 재학 포함),0
1천만원 이상 3천만원 미만-아파트-전세-고졸 미만(초/중/고 재학 포함),0
1천만원 이상 3천만원 미만-주상복합-기타-고졸 미만(초/중/고 재학 포함),0
3천만원 이상 5천만원 미만-주상복합-기타-고졸 미만(초/중/고 재학 포함),0
1천만원 이상 3천만원 미만-아파트-자가-고졸 미만(초/중/고 재학 포함),0
1천만원 미만-단독주택-자가-고졸 미만(초/중/고 재학 포함),0
연간 1억원 이상-주상복합-전세-고졸 미만(초/중/고 재학 포함),0
3천만원 이상 5천만원 미만-아파트-월세-고졸 미만(초/중/고 재학 포함),0
1천만원 이상 3천만원 미만-아파트-월세-고졸 미만(초/중/고 재학 포함),0
1천만원 이상 3천만원 미만-아파트-기타-고졸 미만(초/중/고 재학 포함),0
3천만원 이상 5천만원 미만-오피스텔-자가-고졸 미만(초/중/고 재학 포함),0
1천만원 이상 3천만원 미만-연립/빌라-기타-고졸 미만(초/중/고 재학 포함),0
3천만원 이상 5천만원 미만-연립/빌라-월세-고졸 미만(초/중/고 재학 포함),0
1천만원 미만-연립/빌라-월세-고졸 미만(초/중/고 재학 포함),0
5천만원 이상 7천만원 미만-기타-기타-고졸 미만(초/중/고 재학 포함),0
3천만원 이상 5천만원 미만-아파트-자가-고졸 미만(초/중/고 재학 포함),0
7천만원 이상 1억원 미만-아파트-자가-고졸 미만(초/중/고 재학 포함),0
5천만원 이상 7천만원 미만-아파트-전세-고졸 미만(초/중/고 재학 포함),0
1천만원 미만-아파트-자가-고졸 미만(초/중/고 재학 포함),0
1천만원 미만-연립/빌라-전세-고졸 미만(초/중/고 재학 포함),0
1천만원 미만-기타-기타-고졸 미만(초/중/고 재학 포함),0
3천만원 이상 5천만원 미만-단독주택-자가-고졸 미만(초/중/고 재학 포함),0
연간 1억원 이상-아파트-전세-고졸 미만(초/중/고 재학 포함),0
3천만원 이상 5천만원 미만-단독주택-월세-고졸 미만(초/중/고 재학 포함),0
1천만원 미만-기타-월세-고졸 미만(초/중/고 재학 포함),0
1천만원 미만-기타-자가-고졸 미만(초/중/고 재학 포함),0
5천만원 이상 7천만원 미만-오피스텔-자가-고졸 미만(초/중/고 재학 포함),0
7천만원 이상 1억원 미만-아파트-기타-고졸 미만(초/중/고 재학 포함),0
연간 1억원 이상-기타-기타-고졸 미만(초/중/고 재학 포함),0
3천만원 이상 5천만원 미만-단독주택-기타-고졸 미만(초/중/고 재학 포함),0
7천만원 이상 1억원 미만-단독주택-월세-고졸 미만(초/중/고 재학 포함),0
1천만원 미만-연립/빌라-기타-고졸 미만(초/중/고 재학 포함),0
7천만원 이상 1억원 미만-연립/빌라-자가-고졸 미만(초/중/고 재학 포함),0
3천만원 이상 5천만원 미만-주상복합-자가-고졸 미만(초/중/고 재학 포함),0
연간 1억원 이상-연립/빌라-기타-고졸 미만(초/중/고 재학 포함),0
1천만원 미만-단독주택-전세-고졸 미만(초/중/고 재학 포함),0
7천만원 이상 1억원 미만-오피스텔-월세-고졸 미만(초/중/고 재학 포함),0
1천만원 이상 3천만원 미만-기타-자가-고졸 미만(초/중/고 재학 포함),0
1천만원 미만-주상복합-월세-고졸 미만(초/중/고 재학 포함),0
3천만원 이상 5천만원 미만-주상복합-전세-고졸 미만(초/중/고 재학 포함),0
5천만원 이상 7천만원 미만-주상복합-전세-고졸 미만(초/중/고 재학 포함),0
1천만원 이상 3천만원 미만-기타-월세-고졸 미만(초/중/고 재학 포함),0
3천만원 이상 5천만원 미만-기타-기타-고졸 미만(초/중/고 재학 포함),0
연간 1억원 이상-오피스텔-전세-고졸 미만(초/중/고 재학 포함),0
1천만원 미만-단독주택-월세-고졸 미만(초/중/고 재학 포함),0
7천만원 이상 1억원 미만-연립/빌라-기타-고졸 미만(초/중/고 재학 포함),0
7천만원 이상 1억원 미만-연립/빌라-전세-고졸 미만(초/중/고 재학 포함),0
1천만원 미만-기타-전세-고졸 미만(초/중/고 재학 포함),0
5천만원 이상 7천만원 미만-연립/빌라-자가-고졸 미만(초/중/고 재학 포함),0
연간 1억원 이상-아파트-기타-고졸 미만(초/중/고 재학 포함),0
연간 1억원 이상-아파트-월세-고졸 미만(초/중/고 재학 포함),0
5천만원 이상 7천만원 미만-단독주택-전세-고졸 미만(초/중/고 재학 포함),0
5천만원 이상 7천만원 미만-기타-전세-고졸 미만(초/중/고 재학 포함),0
1천만원 미만-주상복합-기타-고졸 미만(초/중/고 재학 포함),0
7천만원 이상 1억원 미만-연립/빌라-월세-고졸 미만(초/중/고 재학 포함),0
1천만원 미만-아파트-전세-고졸 미만(초/중/고 재학 포함),0
1천만원 이상 3천만원 미만-기타-전세-고졸 미만(초/중/고 재학 포함),0
5천만원 이상 7천만원 미만-주상복합-자가-고졸 미만(초/중/고 재학 포함),0
3천만원 이상 5천만원 미만-아파트-기타-고졸 미만(초/중/고 재학 포함),0
3천만원 이상 5천만원 미만-기타-월세-고졸 미만(초/중/고 재학 포함),0
연간 1억원 이상-연립/빌라-자가-고졸 미만(초/중/고 재학 포함),0
3천만원 이상 5천만원 미만-기타-전세-고졸 미만(초/중/고 재학 포함),0
연간 1억원 이상-오피스텔-자가-고졸 미만(초/중/고 재학 포함),0
1천만원 이상 3천만원 미만-단독주택-기타-고졸 미만(초/중/고 재학 포함),0
1천만원 이상 3천만원 미만-단독주택-월세-고졸 미만(초/중/고 재학 포함),0
5천만원 이상 7천만원 미만-주상복합-월세-고졸 미만(초/중/고 재학 포함),0
5천만원 이상 7천만원 미만-연립/빌라-월세-고졸 미만(초/중/고 재학 포함),0
1천만원 미만-단독주택-기타-고졸 미만(초/중/고 재학 포함),0
3천만원 이상 5천만원 미만-연립/빌라-기타-고졸 미만(초/중/고 재학 포함),0
7천만원 이상 1억원 미만-주상복합-전세-고졸 미만(초/중/고 재학 포함),0
5천만원 이상 7천만원 미만-연립/빌라-기타-고졸 미만(초/중/고 재학 포함),0
1천만원 미만-아파트-기타-고졸 미만(초/중/고 재학 포함),0
1천만원 이상 3천만원 미만-오피스텔-자가-고졸 미만(초/중/고 재학 포함),0
3천만원 이상 5천만원 미만-단독주택-전세-고졸 미만(초/중/고 재학 포함),0
1천만원 이상 3천만원 미만-기타-기타-고졸 미만(초/중/고 재학 포함),0
3천만원 이상 5천만원 미만-오피스텔-전세-고졸 미만(초/중/고 재학 포함),0
1천만원 이상 3천만원 미만-주상복합-전세-고졸 미만(초/중/고 재학 포함),0
1천만원 미만-오피스텔-전세-고졸 미만(초/중/고 재학 포함),0
5천만원 이상 7천만원 미만-아파트-월세-고졸 미만(초/중/고 재학 포함),0
1천만원 미만-주상복합-전세-고졸 미만(초/중/고 재학 포함),0
5천만원 이상 7천만원 미만-아파트-기타-고졸 미만(초/중/고 재학 포함),0
연간 1억원 이상-연립/빌라-전세-고졸 미만(초/중/고 재학 포함),0
